{"assets/categories/agreement.png":["assets/categories/agreement.png"],"assets/categories/farmland.png":["assets/categories/farmland.png"],"assets/categories/fortune-wheel.png":["assets/categories/fortune-wheel.png"],"assets/categories/lottery.png":["assets/categories/lottery.png"],"assets/categories/machinery.png":["assets/categories/machinery.png"],"assets/categories/other.png":["assets/categories/other.png"],"assets/categories/return-on-investment.png":["assets/categories/return-on-investment.png"],"assets/fonts/Cairo/IBM.ttf":["assets/fonts/Cairo/IBM.ttf"],"assets/fonts/muli/Muli-Bold.ttf":["assets/fonts/muli/Muli-Bold.ttf"],"assets/fonts/muli/Muli-Light.ttf":["assets/fonts/muli/Muli-Light.ttf"],"assets/fonts/muli/Muli.ttf":["assets/fonts/muli/Muli.ttf"],"assets/icons/Art.svg":["assets/icons/Art.svg"],"assets/icons/Back%20ICon.svg":["assets/icons/Back%20ICon.svg"],"assets/icons/Bell.svg":["assets/icons/Bell.svg"],"assets/icons/Bill%20Icon.svg":["assets/icons/Bill%20Icon.svg"],"assets/icons/Books.svg":["assets/icons/Books.svg"],"assets/icons/Call.svg":["assets/icons/Call.svg"],"assets/icons/Camera%20Icon.svg":["assets/icons/Camera%20Icon.svg"],"assets/icons/Cart%20Icon.svg":["assets/icons/Cart%20Icon.svg"],"assets/icons/Cash.svg":["assets/icons/Cash.svg"],"assets/icons/Chat%20bubble%20Icon.svg":["assets/icons/Chat%20bubble%20Icon.svg"],"assets/icons/Check%20mark%20rounde.svg":["assets/icons/Check%20mark%20rounde.svg"],"assets/icons/Close.svg":["assets/icons/Close.svg"],"assets/icons/Conversation.svg":["assets/icons/Conversation.svg"],"assets/icons/Discount.svg":["assets/icons/Discount.svg"],"assets/icons/DiscountTag.svg":["assets/icons/DiscountTag.svg"],"assets/icons/Discover.svg":["assets/icons/Discover.svg"],"assets/icons/Electronics.svg":["assets/icons/Electronics.svg"],"assets/icons/Error.svg":["assets/icons/Error.svg"],"assets/icons/Fashion.svg":["assets/icons/Fashion.svg"],"assets/icons/Flash%20Icon.svg":["assets/icons/Flash%20Icon.svg"],"assets/icons/Game%20Icon.svg":["assets/icons/Game%20Icon.svg"],"assets/icons/Gift%20Icon.svg":["assets/icons/Gift%20Icon.svg"],"assets/icons/Groceries.svg":["assets/icons/Groceries.svg"],"assets/icons/Heart%20Icon.svg":["assets/icons/Heart%20Icon.svg"],"assets/icons/Heart%20Icon_2.svg":["assets/icons/Heart%20Icon_2.svg"],"assets/icons/Location%20point.svg":["assets/icons/Location%20point.svg"],"assets/icons/Lock.svg":["assets/icons/Lock.svg"],"assets/icons/Log%20out.svg":["assets/icons/Log%20out.svg"],"assets/icons/Mail.svg":["assets/icons/Mail.svg"],"assets/icons/Others.svg":["assets/icons/Others.svg"],"assets/icons/Parcel.svg":["assets/icons/Parcel.svg"],"assets/icons/Phone.svg":["assets/icons/Phone.svg"],"assets/icons/Plus%20Icon.svg":["assets/icons/Plus%20Icon.svg"],"assets/icons/Question%20mark.svg":["assets/icons/Question%20mark.svg"],"assets/icons/Search%20Icon.svg":["assets/icons/Search%20Icon.svg"],"assets/icons/Settings.svg":["assets/icons/Settings.svg"],"assets/icons/Shop%20Icon.svg":["assets/icons/Shop%20Icon.svg"],"assets/icons/Star%20Icon.svg":["assets/icons/Star%20Icon.svg"],"assets/icons/Success.svg":["assets/icons/Success.svg"],"assets/icons/Trash.svg":["assets/icons/Trash.svg"],"assets/icons/User%20Icon.svg":["assets/icons/User%20Icon.svg"],"assets/icons/User.svg":["assets/icons/User.svg"],"assets/icons/add_favourites.svg":["assets/icons/add_favourites.svg"],"assets/icons/add_location.svg":["assets/icons/add_location.svg"],"assets/icons/arrow_right.svg":["assets/icons/arrow_right.svg"],"assets/icons/empty_bag.svg":["assets/icons/empty_bag.svg"],"assets/icons/empty_box.svg":["assets/icons/empty_box.svg"],"assets/icons/empty_cart.svg":["assets/icons/empty_cart.svg"],"assets/icons/facebook-2.svg":["assets/icons/facebook-2.svg"],"assets/icons/github_icon.svg":["assets/icons/github_icon.svg"],"assets/icons/google-icon.svg":["assets/icons/google-icon.svg"],"assets/icons/instagram_icon.svg":["assets/icons/instagram_icon.svg"],"assets/icons/linkedin_icon.svg":["assets/icons/linkedin_icon.svg"],"assets/icons/network_error.svg":["assets/icons/network_error.svg"],"assets/icons/receipt.svg":["assets/icons/receipt.svg"],"assets/icons/remove.svg":["assets/icons/remove.svg"],"assets/icons/review.svg":["assets/icons/review.svg"],"assets/icons/search_error.svg":["assets/icons/search_error.svg"],"assets/icons/search_no_found.svg":["assets/icons/search_no_found.svg"],"assets/icons/twitter.svg":["assets/icons/twitter.svg"],"assets/images/(1).jpg":["assets/images/(1).jpg"],"assets/images/(2).jpg":["assets/images/(2).jpg"],"assets/images/(3).jpg":["assets/images/(3).jpg"],"assets/images/(4).jpg":["assets/images/(4).jpg"],"assets/images/(5).jpg":["assets/images/(5).jpg"],"assets/images/(6).jpg":["assets/images/(6).jpg"],"assets/images/(7).jpg":["assets/images/(7).jpg"],"assets/images/Image%20Banner%202.png":["assets/images/Image%20Banner%202.png"],"assets/images/Image%20Banner%203.png":["assets/images/Image%20Banner%203.png"],"assets/images/Image%20Banner.png":["assets/images/Image%20Banner.png"],"assets/images/Image%20Popular%20Product%201.png":["assets/images/Image%20Popular%20Product%201.png"],"assets/images/Image%20Popular%20Product%202.png":["assets/images/Image%20Popular%20Product%202.png"],"assets/images/Image%20Popular%20Product%203.png":["assets/images/Image%20Popular%20Product%203.png"],"assets/images/Pattern%20Success.png":["assets/images/Pattern%20Success.png"],"assets/images/Profile%20Image.jpg":["assets/images/Profile%20Image.jpg"],"assets/images/Profile%20Image.png":["assets/images/Profile%20Image.png"],"assets/images/apple-pay.png":["assets/images/apple-pay.png"],"assets/images/arts_banner.jpg":["assets/images/arts_banner.jpg"],"assets/images/books_banner.jpg":["assets/images/books_banner.jpg"],"assets/images/cat.jpg":["assets/images/cat.jpg"],"assets/images/electronics_banner.jpg":["assets/images/electronics_banner.jpg"],"assets/images/fashions_banner.jpg":["assets/images/fashions_banner.jpg"],"assets/images/fedex-express.png":["assets/images/fedex-express.png"],"assets/images/flag_egypt.png":["assets/images/flag_egypt.png"],"assets/images/glap.png":["assets/images/glap.png"],"assets/images/google-pay.png":["assets/images/google-pay.png"],"assets/images/groceries_banner.jpg":["assets/images/groceries_banner.jpg"],"assets/images/launcher_icon_trans.png":["assets/images/launcher_icon_trans.png"],"assets/images/launcher_icon_with_bg.png":["assets/images/launcher_icon_with_bg.png"],"assets/images/logo.png":["assets/images/logo.png"],"assets/images/mastercard-2.png":["assets/images/mastercard-2.png"],"assets/images/others_banner.jpg":["assets/images/others_banner.jpg"],"assets/images/paypal.png":["assets/images/paypal.png"],"assets/images/product%201%20image.png":["assets/images/product%201%20image.png"],"assets/images/ps4_console_blue_1.png":["assets/images/ps4_console_blue_1.png"],"assets/images/ps4_console_blue_2.png":["assets/images/ps4_console_blue_2.png"],"assets/images/ps4_console_blue_3.png":["assets/images/ps4_console_blue_3.png"],"assets/images/ps4_console_blue_4.png":["assets/images/ps4_console_blue_4.png"],"assets/images/ps4_console_white_1.png":["assets/images/ps4_console_white_1.png"],"assets/images/ps4_console_white_2.png":["assets/images/ps4_console_white_2.png"],"assets/images/ps4_console_white_3.png":["assets/images/ps4_console_white_3.png"],"assets/images/ps4_console_white_4.png":["assets/images/ps4_console_white_4.png"],"assets/images/shoes2.png":["assets/images/shoes2.png"],"assets/images/splash_1.jpg":["assets/images/splash_1.jpg"],"assets/images/splash_1.png":["assets/images/splash_1.png"],"assets/images/splash_2.jpg":["assets/images/splash_2.jpg"],"assets/images/splash_2.png":["assets/images/splash_2.png"],"assets/images/splash_3.png":["assets/images/splash_3.png"],"assets/images/success.png":["assets/images/success.png"],"assets/images/tshirt.png":["assets/images/tshirt.png"],"assets/images/visa.png":["assets/images/visa.png"],"assets/images/wireless%20headset.png":["assets/images/wireless%20headset.png"],"packages/country_code_picker/flags/ad.png":["packages/country_code_picker/flags/ad.png"],"packages/country_code_picker/flags/ae.png":["packages/country_code_picker/flags/ae.png"],"packages/country_code_picker/flags/af.png":["packages/country_code_picker/flags/af.png"],"packages/country_code_picker/flags/ag.png":["packages/country_code_picker/flags/ag.png"],"packages/country_code_picker/flags/ai.png":["packages/country_code_picker/flags/ai.png"],"packages/country_code_picker/flags/al.png":["packages/country_code_picker/flags/al.png"],"packages/country_code_picker/flags/am.png":["packages/country_code_picker/flags/am.png"],"packages/country_code_picker/flags/an.png":["packages/country_code_picker/flags/an.png"],"packages/country_code_picker/flags/ao.png":["packages/country_code_picker/flags/ao.png"],"packages/country_code_picker/flags/aq.png":["packages/country_code_picker/flags/aq.png"],"packages/country_code_picker/flags/ar.png":["packages/country_code_picker/flags/ar.png"],"packages/country_code_picker/flags/as.png":["packages/country_code_picker/flags/as.png"],"packages/country_code_picker/flags/at.png":["packages/country_code_picker/flags/at.png"],"packages/country_code_picker/flags/au.png":["packages/country_code_picker/flags/au.png"],"packages/country_code_picker/flags/aw.png":["packages/country_code_picker/flags/aw.png"],"packages/country_code_picker/flags/ax.png":["packages/country_code_picker/flags/ax.png"],"packages/country_code_picker/flags/az.png":["packages/country_code_picker/flags/az.png"],"packages/country_code_picker/flags/ba.png":["packages/country_code_picker/flags/ba.png"],"packages/country_code_picker/flags/bb.png":["packages/country_code_picker/flags/bb.png"],"packages/country_code_picker/flags/bd.png":["packages/country_code_picker/flags/bd.png"],"packages/country_code_picker/flags/be.png":["packages/country_code_picker/flags/be.png"],"packages/country_code_picker/flags/bf.png":["packages/country_code_picker/flags/bf.png"],"packages/country_code_picker/flags/bg.png":["packages/country_code_picker/flags/bg.png"],"packages/country_code_picker/flags/bh.png":["packages/country_code_picker/flags/bh.png"],"packages/country_code_picker/flags/bi.png":["packages/country_code_picker/flags/bi.png"],"packages/country_code_picker/flags/bj.png":["packages/country_code_picker/flags/bj.png"],"packages/country_code_picker/flags/bl.png":["packages/country_code_picker/flags/bl.png"],"packages/country_code_picker/flags/bm.png":["packages/country_code_picker/flags/bm.png"],"packages/country_code_picker/flags/bn.png":["packages/country_code_picker/flags/bn.png"],"packages/country_code_picker/flags/bo.png":["packages/country_code_picker/flags/bo.png"],"packages/country_code_picker/flags/bq.png":["packages/country_code_picker/flags/bq.png"],"packages/country_code_picker/flags/br.png":["packages/country_code_picker/flags/br.png"],"packages/country_code_picker/flags/bs.png":["packages/country_code_picker/flags/bs.png"],"packages/country_code_picker/flags/bt.png":["packages/country_code_picker/flags/bt.png"],"packages/country_code_picker/flags/bv.png":["packages/country_code_picker/flags/bv.png"],"packages/country_code_picker/flags/bw.png":["packages/country_code_picker/flags/bw.png"],"packages/country_code_picker/flags/by.png":["packages/country_code_picker/flags/by.png"],"packages/country_code_picker/flags/bz.png":["packages/country_code_picker/flags/bz.png"],"packages/country_code_picker/flags/ca.png":["packages/country_code_picker/flags/ca.png"],"packages/country_code_picker/flags/cc.png":["packages/country_code_picker/flags/cc.png"],"packages/country_code_picker/flags/cd.png":["packages/country_code_picker/flags/cd.png"],"packages/country_code_picker/flags/cf.png":["packages/country_code_picker/flags/cf.png"],"packages/country_code_picker/flags/cg.png":["packages/country_code_picker/flags/cg.png"],"packages/country_code_picker/flags/ch.png":["packages/country_code_picker/flags/ch.png"],"packages/country_code_picker/flags/ci.png":["packages/country_code_picker/flags/ci.png"],"packages/country_code_picker/flags/ck.png":["packages/country_code_picker/flags/ck.png"],"packages/country_code_picker/flags/cl.png":["packages/country_code_picker/flags/cl.png"],"packages/country_code_picker/flags/cm.png":["packages/country_code_picker/flags/cm.png"],"packages/country_code_picker/flags/cn.png":["packages/country_code_picker/flags/cn.png"],"packages/country_code_picker/flags/co.png":["packages/country_code_picker/flags/co.png"],"packages/country_code_picker/flags/cr.png":["packages/country_code_picker/flags/cr.png"],"packages/country_code_picker/flags/cu.png":["packages/country_code_picker/flags/cu.png"],"packages/country_code_picker/flags/cv.png":["packages/country_code_picker/flags/cv.png"],"packages/country_code_picker/flags/cw.png":["packages/country_code_picker/flags/cw.png"],"packages/country_code_picker/flags/cx.png":["packages/country_code_picker/flags/cx.png"],"packages/country_code_picker/flags/cy.png":["packages/country_code_picker/flags/cy.png"],"packages/country_code_picker/flags/cz.png":["packages/country_code_picker/flags/cz.png"],"packages/country_code_picker/flags/de.png":["packages/country_code_picker/flags/de.png"],"packages/country_code_picker/flags/dj.png":["packages/country_code_picker/flags/dj.png"],"packages/country_code_picker/flags/dk.png":["packages/country_code_picker/flags/dk.png"],"packages/country_code_picker/flags/dm.png":["packages/country_code_picker/flags/dm.png"],"packages/country_code_picker/flags/do.png":["packages/country_code_picker/flags/do.png"],"packages/country_code_picker/flags/dz.png":["packages/country_code_picker/flags/dz.png"],"packages/country_code_picker/flags/ec.png":["packages/country_code_picker/flags/ec.png"],"packages/country_code_picker/flags/ee.png":["packages/country_code_picker/flags/ee.png"],"packages/country_code_picker/flags/eg.png":["packages/country_code_picker/flags/eg.png"],"packages/country_code_picker/flags/eh.png":["packages/country_code_picker/flags/eh.png"],"packages/country_code_picker/flags/er.png":["packages/country_code_picker/flags/er.png"],"packages/country_code_picker/flags/es.png":["packages/country_code_picker/flags/es.png"],"packages/country_code_picker/flags/et.png":["packages/country_code_picker/flags/et.png"],"packages/country_code_picker/flags/eu.png":["packages/country_code_picker/flags/eu.png"],"packages/country_code_picker/flags/fi.png":["packages/country_code_picker/flags/fi.png"],"packages/country_code_picker/flags/fj.png":["packages/country_code_picker/flags/fj.png"],"packages/country_code_picker/flags/fk.png":["packages/country_code_picker/flags/fk.png"],"packages/country_code_picker/flags/fm.png":["packages/country_code_picker/flags/fm.png"],"packages/country_code_picker/flags/fo.png":["packages/country_code_picker/flags/fo.png"],"packages/country_code_picker/flags/fr.png":["packages/country_code_picker/flags/fr.png"],"packages/country_code_picker/flags/ga.png":["packages/country_code_picker/flags/ga.png"],"packages/country_code_picker/flags/gb-eng.png":["packages/country_code_picker/flags/gb-eng.png"],"packages/country_code_picker/flags/gb-nir.png":["packages/country_code_picker/flags/gb-nir.png"],"packages/country_code_picker/flags/gb-sct.png":["packages/country_code_picker/flags/gb-sct.png"],"packages/country_code_picker/flags/gb-wls.png":["packages/country_code_picker/flags/gb-wls.png"],"packages/country_code_picker/flags/gb.png":["packages/country_code_picker/flags/gb.png"],"packages/country_code_picker/flags/gd.png":["packages/country_code_picker/flags/gd.png"],"packages/country_code_picker/flags/ge.png":["packages/country_code_picker/flags/ge.png"],"packages/country_code_picker/flags/gf.png":["packages/country_code_picker/flags/gf.png"],"packages/country_code_picker/flags/gg.png":["packages/country_code_picker/flags/gg.png"],"packages/country_code_picker/flags/gh.png":["packages/country_code_picker/flags/gh.png"],"packages/country_code_picker/flags/gi.png":["packages/country_code_picker/flags/gi.png"],"packages/country_code_picker/flags/gl.png":["packages/country_code_picker/flags/gl.png"],"packages/country_code_picker/flags/gm.png":["packages/country_code_picker/flags/gm.png"],"packages/country_code_picker/flags/gn.png":["packages/country_code_picker/flags/gn.png"],"packages/country_code_picker/flags/gp.png":["packages/country_code_picker/flags/gp.png"],"packages/country_code_picker/flags/gq.png":["packages/country_code_picker/flags/gq.png"],"packages/country_code_picker/flags/gr.png":["packages/country_code_picker/flags/gr.png"],"packages/country_code_picker/flags/gs.png":["packages/country_code_picker/flags/gs.png"],"packages/country_code_picker/flags/gt.png":["packages/country_code_picker/flags/gt.png"],"packages/country_code_picker/flags/gu.png":["packages/country_code_picker/flags/gu.png"],"packages/country_code_picker/flags/gw.png":["packages/country_code_picker/flags/gw.png"],"packages/country_code_picker/flags/gy.png":["packages/country_code_picker/flags/gy.png"],"packages/country_code_picker/flags/hk.png":["packages/country_code_picker/flags/hk.png"],"packages/country_code_picker/flags/hm.png":["packages/country_code_picker/flags/hm.png"],"packages/country_code_picker/flags/hn.png":["packages/country_code_picker/flags/hn.png"],"packages/country_code_picker/flags/hr.png":["packages/country_code_picker/flags/hr.png"],"packages/country_code_picker/flags/ht.png":["packages/country_code_picker/flags/ht.png"],"packages/country_code_picker/flags/hu.png":["packages/country_code_picker/flags/hu.png"],"packages/country_code_picker/flags/id.png":["packages/country_code_picker/flags/id.png"],"packages/country_code_picker/flags/ie.png":["packages/country_code_picker/flags/ie.png"],"packages/country_code_picker/flags/il.png":["packages/country_code_picker/flags/il.png"],"packages/country_code_picker/flags/im.png":["packages/country_code_picker/flags/im.png"],"packages/country_code_picker/flags/in.png":["packages/country_code_picker/flags/in.png"],"packages/country_code_picker/flags/io.png":["packages/country_code_picker/flags/io.png"],"packages/country_code_picker/flags/iq.png":["packages/country_code_picker/flags/iq.png"],"packages/country_code_picker/flags/ir.png":["packages/country_code_picker/flags/ir.png"],"packages/country_code_picker/flags/is.png":["packages/country_code_picker/flags/is.png"],"packages/country_code_picker/flags/it.png":["packages/country_code_picker/flags/it.png"],"packages/country_code_picker/flags/je.png":["packages/country_code_picker/flags/je.png"],"packages/country_code_picker/flags/jm.png":["packages/country_code_picker/flags/jm.png"],"packages/country_code_picker/flags/jo.png":["packages/country_code_picker/flags/jo.png"],"packages/country_code_picker/flags/jp.png":["packages/country_code_picker/flags/jp.png"],"packages/country_code_picker/flags/ke.png":["packages/country_code_picker/flags/ke.png"],"packages/country_code_picker/flags/kg.png":["packages/country_code_picker/flags/kg.png"],"packages/country_code_picker/flags/kh.png":["packages/country_code_picker/flags/kh.png"],"packages/country_code_picker/flags/ki.png":["packages/country_code_picker/flags/ki.png"],"packages/country_code_picker/flags/km.png":["packages/country_code_picker/flags/km.png"],"packages/country_code_picker/flags/kn.png":["packages/country_code_picker/flags/kn.png"],"packages/country_code_picker/flags/kp.png":["packages/country_code_picker/flags/kp.png"],"packages/country_code_picker/flags/kr.png":["packages/country_code_picker/flags/kr.png"],"packages/country_code_picker/flags/kw.png":["packages/country_code_picker/flags/kw.png"],"packages/country_code_picker/flags/ky.png":["packages/country_code_picker/flags/ky.png"],"packages/country_code_picker/flags/kz.png":["packages/country_code_picker/flags/kz.png"],"packages/country_code_picker/flags/la.png":["packages/country_code_picker/flags/la.png"],"packages/country_code_picker/flags/lb.png":["packages/country_code_picker/flags/lb.png"],"packages/country_code_picker/flags/lc.png":["packages/country_code_picker/flags/lc.png"],"packages/country_code_picker/flags/li.png":["packages/country_code_picker/flags/li.png"],"packages/country_code_picker/flags/lk.png":["packages/country_code_picker/flags/lk.png"],"packages/country_code_picker/flags/lr.png":["packages/country_code_picker/flags/lr.png"],"packages/country_code_picker/flags/ls.png":["packages/country_code_picker/flags/ls.png"],"packages/country_code_picker/flags/lt.png":["packages/country_code_picker/flags/lt.png"],"packages/country_code_picker/flags/lu.png":["packages/country_code_picker/flags/lu.png"],"packages/country_code_picker/flags/lv.png":["packages/country_code_picker/flags/lv.png"],"packages/country_code_picker/flags/ly.png":["packages/country_code_picker/flags/ly.png"],"packages/country_code_picker/flags/ma.png":["packages/country_code_picker/flags/ma.png"],"packages/country_code_picker/flags/mc.png":["packages/country_code_picker/flags/mc.png"],"packages/country_code_picker/flags/md.png":["packages/country_code_picker/flags/md.png"],"packages/country_code_picker/flags/me.png":["packages/country_code_picker/flags/me.png"],"packages/country_code_picker/flags/mf.png":["packages/country_code_picker/flags/mf.png"],"packages/country_code_picker/flags/mg.png":["packages/country_code_picker/flags/mg.png"],"packages/country_code_picker/flags/mh.png":["packages/country_code_picker/flags/mh.png"],"packages/country_code_picker/flags/mk.png":["packages/country_code_picker/flags/mk.png"],"packages/country_code_picker/flags/ml.png":["packages/country_code_picker/flags/ml.png"],"packages/country_code_picker/flags/mm.png":["packages/country_code_picker/flags/mm.png"],"packages/country_code_picker/flags/mn.png":["packages/country_code_picker/flags/mn.png"],"packages/country_code_picker/flags/mo.png":["packages/country_code_picker/flags/mo.png"],"packages/country_code_picker/flags/mp.png":["packages/country_code_picker/flags/mp.png"],"packages/country_code_picker/flags/mq.png":["packages/country_code_picker/flags/mq.png"],"packages/country_code_picker/flags/mr.png":["packages/country_code_picker/flags/mr.png"],"packages/country_code_picker/flags/ms.png":["packages/country_code_picker/flags/ms.png"],"packages/country_code_picker/flags/mt.png":["packages/country_code_picker/flags/mt.png"],"packages/country_code_picker/flags/mu.png":["packages/country_code_picker/flags/mu.png"],"packages/country_code_picker/flags/mv.png":["packages/country_code_picker/flags/mv.png"],"packages/country_code_picker/flags/mw.png":["packages/country_code_picker/flags/mw.png"],"packages/country_code_picker/flags/mx.png":["packages/country_code_picker/flags/mx.png"],"packages/country_code_picker/flags/my.png":["packages/country_code_picker/flags/my.png"],"packages/country_code_picker/flags/mz.png":["packages/country_code_picker/flags/mz.png"],"packages/country_code_picker/flags/na.png":["packages/country_code_picker/flags/na.png"],"packages/country_code_picker/flags/nc.png":["packages/country_code_picker/flags/nc.png"],"packages/country_code_picker/flags/ne.png":["packages/country_code_picker/flags/ne.png"],"packages/country_code_picker/flags/nf.png":["packages/country_code_picker/flags/nf.png"],"packages/country_code_picker/flags/ng.png":["packages/country_code_picker/flags/ng.png"],"packages/country_code_picker/flags/ni.png":["packages/country_code_picker/flags/ni.png"],"packages/country_code_picker/flags/nl.png":["packages/country_code_picker/flags/nl.png"],"packages/country_code_picker/flags/no.png":["packages/country_code_picker/flags/no.png"],"packages/country_code_picker/flags/np.png":["packages/country_code_picker/flags/np.png"],"packages/country_code_picker/flags/nr.png":["packages/country_code_picker/flags/nr.png"],"packages/country_code_picker/flags/nu.png":["packages/country_code_picker/flags/nu.png"],"packages/country_code_picker/flags/nz.png":["packages/country_code_picker/flags/nz.png"],"packages/country_code_picker/flags/om.png":["packages/country_code_picker/flags/om.png"],"packages/country_code_picker/flags/pa.png":["packages/country_code_picker/flags/pa.png"],"packages/country_code_picker/flags/pe.png":["packages/country_code_picker/flags/pe.png"],"packages/country_code_picker/flags/pf.png":["packages/country_code_picker/flags/pf.png"],"packages/country_code_picker/flags/pg.png":["packages/country_code_picker/flags/pg.png"],"packages/country_code_picker/flags/ph.png":["packages/country_code_picker/flags/ph.png"],"packages/country_code_picker/flags/pk.png":["packages/country_code_picker/flags/pk.png"],"packages/country_code_picker/flags/pl.png":["packages/country_code_picker/flags/pl.png"],"packages/country_code_picker/flags/pm.png":["packages/country_code_picker/flags/pm.png"],"packages/country_code_picker/flags/pn.png":["packages/country_code_picker/flags/pn.png"],"packages/country_code_picker/flags/pr.png":["packages/country_code_picker/flags/pr.png"],"packages/country_code_picker/flags/ps.png":["packages/country_code_picker/flags/ps.png"],"packages/country_code_picker/flags/pt.png":["packages/country_code_picker/flags/pt.png"],"packages/country_code_picker/flags/pw.png":["packages/country_code_picker/flags/pw.png"],"packages/country_code_picker/flags/py.png":["packages/country_code_picker/flags/py.png"],"packages/country_code_picker/flags/qa.png":["packages/country_code_picker/flags/qa.png"],"packages/country_code_picker/flags/re.png":["packages/country_code_picker/flags/re.png"],"packages/country_code_picker/flags/ro.png":["packages/country_code_picker/flags/ro.png"],"packages/country_code_picker/flags/rs.png":["packages/country_code_picker/flags/rs.png"],"packages/country_code_picker/flags/ru.png":["packages/country_code_picker/flags/ru.png"],"packages/country_code_picker/flags/rw.png":["packages/country_code_picker/flags/rw.png"],"packages/country_code_picker/flags/sa.png":["packages/country_code_picker/flags/sa.png"],"packages/country_code_picker/flags/sb.png":["packages/country_code_picker/flags/sb.png"],"packages/country_code_picker/flags/sc.png":["packages/country_code_picker/flags/sc.png"],"packages/country_code_picker/flags/sd.png":["packages/country_code_picker/flags/sd.png"],"packages/country_code_picker/flags/se.png":["packages/country_code_picker/flags/se.png"],"packages/country_code_picker/flags/sg.png":["packages/country_code_picker/flags/sg.png"],"packages/country_code_picker/flags/sh.png":["packages/country_code_picker/flags/sh.png"],"packages/country_code_picker/flags/si.png":["packages/country_code_picker/flags/si.png"],"packages/country_code_picker/flags/sj.png":["packages/country_code_picker/flags/sj.png"],"packages/country_code_picker/flags/sk.png":["packages/country_code_picker/flags/sk.png"],"packages/country_code_picker/flags/sl.png":["packages/country_code_picker/flags/sl.png"],"packages/country_code_picker/flags/sm.png":["packages/country_code_picker/flags/sm.png"],"packages/country_code_picker/flags/sn.png":["packages/country_code_picker/flags/sn.png"],"packages/country_code_picker/flags/so.png":["packages/country_code_picker/flags/so.png"],"packages/country_code_picker/flags/sr.png":["packages/country_code_picker/flags/sr.png"],"packages/country_code_picker/flags/ss.png":["packages/country_code_picker/flags/ss.png"],"packages/country_code_picker/flags/st.png":["packages/country_code_picker/flags/st.png"],"packages/country_code_picker/flags/sv.png":["packages/country_code_picker/flags/sv.png"],"packages/country_code_picker/flags/sx.png":["packages/country_code_picker/flags/sx.png"],"packages/country_code_picker/flags/sy.png":["packages/country_code_picker/flags/sy.png"],"packages/country_code_picker/flags/sz.png":["packages/country_code_picker/flags/sz.png"],"packages/country_code_picker/flags/tc.png":["packages/country_code_picker/flags/tc.png"],"packages/country_code_picker/flags/td.png":["packages/country_code_picker/flags/td.png"],"packages/country_code_picker/flags/tf.png":["packages/country_code_picker/flags/tf.png"],"packages/country_code_picker/flags/tg.png":["packages/country_code_picker/flags/tg.png"],"packages/country_code_picker/flags/th.png":["packages/country_code_picker/flags/th.png"],"packages/country_code_picker/flags/tj.png":["packages/country_code_picker/flags/tj.png"],"packages/country_code_picker/flags/tk.png":["packages/country_code_picker/flags/tk.png"],"packages/country_code_picker/flags/tl.png":["packages/country_code_picker/flags/tl.png"],"packages/country_code_picker/flags/tm.png":["packages/country_code_picker/flags/tm.png"],"packages/country_code_picker/flags/tn.png":["packages/country_code_picker/flags/tn.png"],"packages/country_code_picker/flags/to.png":["packages/country_code_picker/flags/to.png"],"packages/country_code_picker/flags/tr.png":["packages/country_code_picker/flags/tr.png"],"packages/country_code_picker/flags/tt.png":["packages/country_code_picker/flags/tt.png"],"packages/country_code_picker/flags/tv.png":["packages/country_code_picker/flags/tv.png"],"packages/country_code_picker/flags/tw.png":["packages/country_code_picker/flags/tw.png"],"packages/country_code_picker/flags/tz.png":["packages/country_code_picker/flags/tz.png"],"packages/country_code_picker/flags/ua.png":["packages/country_code_picker/flags/ua.png"],"packages/country_code_picker/flags/ug.png":["packages/country_code_picker/flags/ug.png"],"packages/country_code_picker/flags/um.png":["packages/country_code_picker/flags/um.png"],"packages/country_code_picker/flags/us.png":["packages/country_code_picker/flags/us.png"],"packages/country_code_picker/flags/uy.png":["packages/country_code_picker/flags/uy.png"],"packages/country_code_picker/flags/uz.png":["packages/country_code_picker/flags/uz.png"],"packages/country_code_picker/flags/va.png":["packages/country_code_picker/flags/va.png"],"packages/country_code_picker/flags/vc.png":["packages/country_code_picker/flags/vc.png"],"packages/country_code_picker/flags/ve.png":["packages/country_code_picker/flags/ve.png"],"packages/country_code_picker/flags/vg.png":["packages/country_code_picker/flags/vg.png"],"packages/country_code_picker/flags/vi.png":["packages/country_code_picker/flags/vi.png"],"packages/country_code_picker/flags/vn.png":["packages/country_code_picker/flags/vn.png"],"packages/country_code_picker/flags/vu.png":["packages/country_code_picker/flags/vu.png"],"packages/country_code_picker/flags/wf.png":["packages/country_code_picker/flags/wf.png"],"packages/country_code_picker/flags/ws.png":["packages/country_code_picker/flags/ws.png"],"packages/country_code_picker/flags/xk.png":["packages/country_code_picker/flags/xk.png"],"packages/country_code_picker/flags/ye.png":["packages/country_code_picker/flags/ye.png"],"packages/country_code_picker/flags/yt.png":["packages/country_code_picker/flags/yt.png"],"packages/country_code_picker/flags/za.png":["packages/country_code_picker/flags/za.png"],"packages/country_code_picker/flags/zm.png":["packages/country_code_picker/flags/zm.png"],"packages/country_code_picker/flags/zw.png":["packages/country_code_picker/flags/zw.png"],"packages/country_code_picker/i18n/af.json":["packages/country_code_picker/i18n/af.json"],"packages/country_code_picker/i18n/am.json":["packages/country_code_picker/i18n/am.json"],"packages/country_code_picker/i18n/ar.json":["packages/country_code_picker/i18n/ar.json"],"packages/country_code_picker/i18n/az.json":["packages/country_code_picker/i18n/az.json"],"packages/country_code_picker/i18n/be.json":["packages/country_code_picker/i18n/be.json"],"packages/country_code_picker/i18n/bg.json":["packages/country_code_picker/i18n/bg.json"],"packages/country_code_picker/i18n/bn.json":["packages/country_code_picker/i18n/bn.json"],"packages/country_code_picker/i18n/bs.json":["packages/country_code_picker/i18n/bs.json"],"packages/country_code_picker/i18n/ca.json":["packages/country_code_picker/i18n/ca.json"],"packages/country_code_picker/i18n/cs.json":["packages/country_code_picker/i18n/cs.json"],"packages/country_code_picker/i18n/da.json":["packages/country_code_picker/i18n/da.json"],"packages/country_code_picker/i18n/de.json":["packages/country_code_picker/i18n/de.json"],"packages/country_code_picker/i18n/el.json":["packages/country_code_picker/i18n/el.json"],"packages/country_code_picker/i18n/en.json":["packages/country_code_picker/i18n/en.json"],"packages/country_code_picker/i18n/es.json":["packages/country_code_picker/i18n/es.json"],"packages/country_code_picker/i18n/et.json":["packages/country_code_picker/i18n/et.json"],"packages/country_code_picker/i18n/fa.json":["packages/country_code_picker/i18n/fa.json"],"packages/country_code_picker/i18n/fi.json":["packages/country_code_picker/i18n/fi.json"],"packages/country_code_picker/i18n/fr.json":["packages/country_code_picker/i18n/fr.json"],"packages/country_code_picker/i18n/gl.json":["packages/country_code_picker/i18n/gl.json"],"packages/country_code_picker/i18n/ha.json":["packages/country_code_picker/i18n/ha.json"],"packages/country_code_picker/i18n/he.json":["packages/country_code_picker/i18n/he.json"],"packages/country_code_picker/i18n/hi.json":["packages/country_code_picker/i18n/hi.json"],"packages/country_code_picker/i18n/hr.json":["packages/country_code_picker/i18n/hr.json"],"packages/country_code_picker/i18n/hu.json":["packages/country_code_picker/i18n/hu.json"],"packages/country_code_picker/i18n/hy.json":["packages/country_code_picker/i18n/hy.json"],"packages/country_code_picker/i18n/id.json":["packages/country_code_picker/i18n/id.json"],"packages/country_code_picker/i18n/is.json":["packages/country_code_picker/i18n/is.json"],"packages/country_code_picker/i18n/it.json":["packages/country_code_picker/i18n/it.json"],"packages/country_code_picker/i18n/ja.json":["packages/country_code_picker/i18n/ja.json"],"packages/country_code_picker/i18n/ka.json":["packages/country_code_picker/i18n/ka.json"],"packages/country_code_picker/i18n/kk.json":["packages/country_code_picker/i18n/kk.json"],"packages/country_code_picker/i18n/km.json":["packages/country_code_picker/i18n/km.json"],"packages/country_code_picker/i18n/ko.json":["packages/country_code_picker/i18n/ko.json"],"packages/country_code_picker/i18n/ku.json":["packages/country_code_picker/i18n/ku.json"],"packages/country_code_picker/i18n/ky.json":["packages/country_code_picker/i18n/ky.json"],"packages/country_code_picker/i18n/lt.json":["packages/country_code_picker/i18n/lt.json"],"packages/country_code_picker/i18n/lv.json":["packages/country_code_picker/i18n/lv.json"],"packages/country_code_picker/i18n/mk.json":["packages/country_code_picker/i18n/mk.json"],"packages/country_code_picker/i18n/ml.json":["packages/country_code_picker/i18n/ml.json"],"packages/country_code_picker/i18n/mn.json":["packages/country_code_picker/i18n/mn.json"],"packages/country_code_picker/i18n/ms.json":["packages/country_code_picker/i18n/ms.json"],"packages/country_code_picker/i18n/nb.json":["packages/country_code_picker/i18n/nb.json"],"packages/country_code_picker/i18n/nl.json":["packages/country_code_picker/i18n/nl.json"],"packages/country_code_picker/i18n/nn.json":["packages/country_code_picker/i18n/nn.json"],"packages/country_code_picker/i18n/no.json":["packages/country_code_picker/i18n/no.json"],"packages/country_code_picker/i18n/pl.json":["packages/country_code_picker/i18n/pl.json"],"packages/country_code_picker/i18n/ps.json":["packages/country_code_picker/i18n/ps.json"],"packages/country_code_picker/i18n/pt.json":["packages/country_code_picker/i18n/pt.json"],"packages/country_code_picker/i18n/ro.json":["packages/country_code_picker/i18n/ro.json"],"packages/country_code_picker/i18n/ru.json":["packages/country_code_picker/i18n/ru.json"],"packages/country_code_picker/i18n/sd.json":["packages/country_code_picker/i18n/sd.json"],"packages/country_code_picker/i18n/sk.json":["packages/country_code_picker/i18n/sk.json"],"packages/country_code_picker/i18n/sl.json":["packages/country_code_picker/i18n/sl.json"],"packages/country_code_picker/i18n/so.json":["packages/country_code_picker/i18n/so.json"],"packages/country_code_picker/i18n/sq.json":["packages/country_code_picker/i18n/sq.json"],"packages/country_code_picker/i18n/sr.json":["packages/country_code_picker/i18n/sr.json"],"packages/country_code_picker/i18n/sv.json":["packages/country_code_picker/i18n/sv.json"],"packages/country_code_picker/i18n/ta.json":["packages/country_code_picker/i18n/ta.json"],"packages/country_code_picker/i18n/tg.json":["packages/country_code_picker/i18n/tg.json"],"packages/country_code_picker/i18n/th.json":["packages/country_code_picker/i18n/th.json"],"packages/country_code_picker/i18n/tr.json":["packages/country_code_picker/i18n/tr.json"],"packages/country_code_picker/i18n/tt.json":["packages/country_code_picker/i18n/tt.json"],"packages/country_code_picker/i18n/ug.json":["packages/country_code_picker/i18n/ug.json"],"packages/country_code_picker/i18n/uk.json":["packages/country_code_picker/i18n/uk.json"],"packages/country_code_picker/i18n/ur.json":["packages/country_code_picker/i18n/ur.json"],"packages/country_code_picker/i18n/uz.json":["packages/country_code_picker/i18n/uz.json"],"packages/country_code_picker/i18n/vi.json":["packages/country_code_picker/i18n/vi.json"],"packages/country_code_picker/i18n/zh.json":["packages/country_code_picker/i18n/zh.json"],"packages/cupertino_icons/assets/CupertinoIcons.ttf":["packages/cupertino_icons/assets/CupertinoIcons.ttf"],"packages/google_fonts_arabic/lib/fonts/Amiri/Amiri-Bold.ttf":["packages/google_fonts_arabic/lib/fonts/Amiri/Amiri-Bold.ttf"],"packages/google_fonts_arabic/lib/fonts/Amiri/Amiri-BoldItalic.ttf":["packages/google_fonts_arabic/lib/fonts/Amiri/Amiri-BoldItalic.ttf"],"packages/google_fonts_arabic/lib/fonts/Amiri/Amiri-Italic.ttf":["packages/google_fonts_arabic/lib/fonts/Amiri/Amiri-Italic.ttf"],"packages/google_fonts_arabic/lib/fonts/Amiri/Amiri-Regular.ttf":["packages/google_fonts_arabic/lib/fonts/Amiri/Amiri-Regular.ttf"],"packages/google_fonts_arabic/lib/fonts/Aref_Ruqaa/ArefRuqaa-Bold.ttf":["packages/google_fonts_arabic/lib/fonts/Aref_Ruqaa/ArefRuqaa-Bold.ttf"],"packages/google_fonts_arabic/lib/fonts/Aref_Ruqaa/ArefRuqaa-Regular.ttf":["packages/google_fonts_arabic/lib/fonts/Aref_Ruqaa/ArefRuqaa-Regular.ttf"],"packages/google_fonts_arabic/lib/fonts/Baloo_Bhaijaan/BalooBhaijaan-Regular.ttf":["packages/google_fonts_arabic/lib/fonts/Baloo_Bhaijaan/BalooBhaijaan-Regular.ttf"],"packages/google_fonts_arabic/lib/fonts/Cairo/Cairo-Black.ttf":["packages/google_fonts_arabic/lib/fonts/Cairo/Cairo-Black.ttf"],"packages/google_fonts_arabic/lib/fonts/Cairo/Cairo-Bold.ttf":["packages/google_fonts_arabic/lib/fonts/Cairo/Cairo-Bold.ttf"],"packages/google_fonts_arabic/lib/fonts/Cairo/Cairo-ExtraLight.ttf":["packages/google_fonts_arabic/lib/fonts/Cairo/Cairo-ExtraLight.ttf"],"packages/google_fonts_arabic/lib/fonts/Cairo/Cairo-Light.ttf":["packages/google_fonts_arabic/lib/fonts/Cairo/Cairo-Light.ttf"],"packages/google_fonts_arabic/lib/fonts/Cairo/Cairo-Regular.ttf":["packages/google_fonts_arabic/lib/fonts/Cairo/Cairo-Regular.ttf"],"packages/google_fonts_arabic/lib/fonts/Cairo/Cairo-SemiBold.ttf":["packages/google_fonts_arabic/lib/fonts/Cairo/Cairo-SemiBold.ttf"],"packages/google_fonts_arabic/lib/fonts/Changa/Changa-Bold.ttf":["packages/google_fonts_arabic/lib/fonts/Changa/Changa-Bold.ttf"],"packages/google_fonts_arabic/lib/fonts/Changa/Changa-ExtraBold.ttf":["packages/google_fonts_arabic/lib/fonts/Changa/Changa-ExtraBold.ttf"],"packages/google_fonts_arabic/lib/fonts/Changa/Changa-ExtraLight.ttf":["packages/google_fonts_arabic/lib/fonts/Changa/Changa-ExtraLight.ttf"],"packages/google_fonts_arabic/lib/fonts/Changa/Changa-Light.ttf":["packages/google_fonts_arabic/lib/fonts/Changa/Changa-Light.ttf"],"packages/google_fonts_arabic/lib/fonts/Changa/Changa-Medium.ttf":["packages/google_fonts_arabic/lib/fonts/Changa/Changa-Medium.ttf"],"packages/google_fonts_arabic/lib/fonts/Changa/Changa-Regular.ttf":["packages/google_fonts_arabic/lib/fonts/Changa/Changa-Regular.ttf"],"packages/google_fonts_arabic/lib/fonts/Changa/Changa-SemiBold.ttf":["packages/google_fonts_arabic/lib/fonts/Changa/Changa-SemiBold.ttf"],"packages/google_fonts_arabic/lib/fonts/El_Messiri/ElMessiri-Bold.ttf":["packages/google_fonts_arabic/lib/fonts/El_Messiri/ElMessiri-Bold.ttf"],"packages/google_fonts_arabic/lib/fonts/El_Messiri/ElMessiri-Medium.ttf":["packages/google_fonts_arabic/lib/fonts/El_Messiri/ElMessiri-Medium.ttf"],"packages/google_fonts_arabic/lib/fonts/El_Messiri/ElMessiri-Regular.ttf":["packages/google_fonts_arabic/lib/fonts/El_Messiri/ElMessiri-Regular.ttf"],"packages/google_fonts_arabic/lib/fonts/El_Messiri/ElMessiri-SemiBold.ttf":["packages/google_fonts_arabic/lib/fonts/El_Messiri/ElMessiri-SemiBold.ttf"],"packages/google_fonts_arabic/lib/fonts/Harmattan/Harmattan-Regular.ttf":["packages/google_fonts_arabic/lib/fonts/Harmattan/Harmattan-Regular.ttf"],"packages/google_fonts_arabic/lib/fonts/Jomhuria/Jomhuria-Regular.ttf":["packages/google_fonts_arabic/lib/fonts/Jomhuria/Jomhuria-Regular.ttf"],"packages/google_fonts_arabic/lib/fonts/Katibeh/Katibeh-Regular.ttf":["packages/google_fonts_arabic/lib/fonts/Katibeh/Katibeh-Regular.ttf"],"packages/google_fonts_arabic/lib/fonts/Lalezar/Lalezar-Regular.ttf":["packages/google_fonts_arabic/lib/fonts/Lalezar/Lalezar-Regular.ttf"],"packages/google_fonts_arabic/lib/fonts/Lateef/LateefRegOT.ttf":["packages/google_fonts_arabic/lib/fonts/Lateef/LateefRegOT.ttf"],"packages/google_fonts_arabic/lib/fonts/Lemonada/Lemonada-Bold.ttf":["packages/google_fonts_arabic/lib/fonts/Lemonada/Lemonada-Bold.ttf"],"packages/google_fonts_arabic/lib/fonts/Lemonada/Lemonada-Light.ttf":["packages/google_fonts_arabic/lib/fonts/Lemonada/Lemonada-Light.ttf"],"packages/google_fonts_arabic/lib/fonts/Lemonada/Lemonada-Regular.ttf":["packages/google_fonts_arabic/lib/fonts/Lemonada/Lemonada-Regular.ttf"],"packages/google_fonts_arabic/lib/fonts/Lemonada/Lemonada-SemiBold.ttf":["packages/google_fonts_arabic/lib/fonts/Lemonada/Lemonada-SemiBold.ttf"],"packages/google_fonts_arabic/lib/fonts/Mada/Mada-Black.ttf":["packages/google_fonts_arabic/lib/fonts/Mada/Mada-Black.ttf"],"packages/google_fonts_arabic/lib/fonts/Mada/Mada-Bold.ttf":["packages/google_fonts_arabic/lib/fonts/Mada/Mada-Bold.ttf"],"packages/google_fonts_arabic/lib/fonts/Mada/Mada-ExtraLight.ttf":["packages/google_fonts_arabic/lib/fonts/Mada/Mada-ExtraLight.ttf"],"packages/google_fonts_arabic/lib/fonts/Mada/Mada-Light.ttf":["packages/google_fonts_arabic/lib/fonts/Mada/Mada-Light.ttf"],"packages/google_fonts_arabic/lib/fonts/Mada/Mada-Medium.ttf":["packages/google_fonts_arabic/lib/fonts/Mada/Mada-Medium.ttf"],"packages/google_fonts_arabic/lib/fonts/Mada/Mada-Regular.ttf":["packages/google_fonts_arabic/lib/fonts/Mada/Mada-Regular.ttf"],"packages/google_fonts_arabic/lib/fonts/Mada/Mada-SemiBold.ttf":["packages/google_fonts_arabic/lib/fonts/Mada/Mada-SemiBold.ttf"],"packages/google_fonts_arabic/lib/fonts/Markazi_Text/MarkaziText-Regular.ttf":["packages/google_fonts_arabic/lib/fonts/Markazi_Text/MarkaziText-Regular.ttf"],"packages/google_fonts_arabic/lib/fonts/Mirza/Mirza-Bold.ttf":["packages/google_fonts_arabic/lib/fonts/Mirza/Mirza-Bold.ttf"],"packages/google_fonts_arabic/lib/fonts/Mirza/Mirza-Medium.ttf":["packages/google_fonts_arabic/lib/fonts/Mirza/Mirza-Medium.ttf"],"packages/google_fonts_arabic/lib/fonts/Mirza/Mirza-Regular.ttf":["packages/google_fonts_arabic/lib/fonts/Mirza/Mirza-Regular.ttf"],"packages/google_fonts_arabic/lib/fonts/Mirza/Mirza-SemiBold.ttf":["packages/google_fonts_arabic/lib/fonts/Mirza/Mirza-SemiBold.ttf"],"packages/google_fonts_arabic/lib/fonts/Rakkas/Rakkas-Regular.ttf":["packages/google_fonts_arabic/lib/fonts/Rakkas/Rakkas-Regular.ttf"],"packages/google_fonts_arabic/lib/fonts/Reem_Kufi/ReemKufi-Regular.ttf":["packages/google_fonts_arabic/lib/fonts/Reem_Kufi/ReemKufi-Regular.ttf"],"packages/google_fonts_arabic/lib/fonts/Scheherazade/Scheherazade-Bold.ttf":["packages/google_fonts_arabic/lib/fonts/Scheherazade/Scheherazade-Bold.ttf"],"packages/google_fonts_arabic/lib/fonts/Scheherazade/Scheherazade-Regular.ttf":["packages/google_fonts_arabic/lib/fonts/Scheherazade/Scheherazade-Regular.ttf"],"packages/google_fonts_arabic/lib/fonts/Tajawal/Tajawal-Black.ttf":["packages/google_fonts_arabic/lib/fonts/Tajawal/Tajawal-Black.ttf"],"packages/google_fonts_arabic/lib/fonts/Tajawal/Tajawal-Bold.ttf":["packages/google_fonts_arabic/lib/fonts/Tajawal/Tajawal-Bold.ttf"],"packages/google_fonts_arabic/lib/fonts/Tajawal/Tajawal-ExtraBold.ttf":["packages/google_fonts_arabic/lib/fonts/Tajawal/Tajawal-ExtraBold.ttf"],"packages/google_fonts_arabic/lib/fonts/Tajawal/Tajawal-ExtraLight.ttf":["packages/google_fonts_arabic/lib/fonts/Tajawal/Tajawal-ExtraLight.ttf"],"packages/google_fonts_arabic/lib/fonts/Tajawal/Tajawal-Light.ttf":["packages/google_fonts_arabic/lib/fonts/Tajawal/Tajawal-Light.ttf"],"packages/google_fonts_arabic/lib/fonts/Tajawal/Tajawal-Medium.ttf":["packages/google_fonts_arabic/lib/fonts/Tajawal/Tajawal-Medium.ttf"]}