[{"family":"MaterialIcons","fonts":[{"asset":"fonts/MaterialIcons-Regular.otf"}]},{"family":"Muli","fonts":[{"asset":"assets/fonts/muli/Muli.ttf"},{"weight":700,"asset":"assets/fonts/muli/Muli-Bold.ttf"},{"weight":300,"asset":"assets/fonts/muli/Muli-Light.ttf"}]},{"family":"Cairo","fonts":[{"asset":"assets/fonts/Cairo/IBM.ttf"}]},{"family":"packages/cupertino_icons/CupertinoIcons","fonts":[{"asset":"packages/cupertino_icons/assets/CupertinoIcons.ttf"}]},{"family":"packages/google_fonts_arabic/Amiri","fonts":[{"asset":"packages/google_fonts_arabic/lib/fonts/Amiri/Amiri-Regular.ttf"},{"asset":"packages/google_fonts_arabic/lib/fonts/Amiri/Amiri-Bold.ttf"},{"asset":"packages/google_fonts_arabic/lib/fonts/Amiri/Amiri-BoldItalic.ttf"},{"asset":"packages/google_fonts_arabic/lib/fonts/Amiri/Amiri-Italic.ttf"}]},{"family":"packages/google_fonts_arabic/Aref_Ruqaa","fonts":[{"asset":"packages/google_fonts_arabic/lib/fonts/Aref_Ruqaa/ArefRuqaa-Bold.ttf"},{"asset":"packages/google_fonts_arabic/lib/fonts/Aref_Ruqaa/ArefRuqaa-Regular.ttf"}]},{"family":"packages/google_fonts_arabic/Baloo_Bhaijaan","fonts":[{"asset":"packages/google_fonts_arabic/lib/fonts/Baloo_Bhaijaan/BalooBhaijaan-Regular.ttf"}]},{"family":"packages/google_fonts_arabic/Cairo","fonts":[{"asset":"packages/google_fonts_arabic/lib/fonts/Cairo/Cairo-Black.ttf"},{"asset":"packages/google_fonts_arabic/lib/fonts/Cairo/Cairo-Bold.ttf"},{"asset":"packages/google_fonts_arabic/lib/fonts/Cairo/Cairo-ExtraLight.ttf"},{"asset":"packages/google_fonts_arabic/lib/fonts/Cairo/Cairo-Light.ttf"},{"asset":"packages/google_fonts_arabic/lib/fonts/Cairo/Cairo-Regular.ttf"},{"asset":"packages/google_fonts_arabic/lib/fonts/Cairo/Cairo-SemiBold.ttf"}]},{"family":"packages/google_fonts_arabic/Changa","fonts":[{"asset":"packages/google_fonts_arabic/lib/fonts/Changa/Changa-Bold.ttf"},{"asset":"packages/google_fonts_arabic/lib/fonts/Changa/Changa-ExtraBold.ttf"},{"asset":"packages/google_fonts_arabic/lib/fonts/Changa/Changa-ExtraLight.ttf"},{"asset":"packages/google_fonts_arabic/lib/fonts/Changa/Changa-Light.ttf"},{"asset":"packages/google_fonts_arabic/lib/fonts/Changa/Changa-Medium.ttf"},{"asset":"packages/google_fonts_arabic/lib/fonts/Changa/Changa-Regular.ttf"},{"asset":"packages/google_fonts_arabic/lib/fonts/Changa/Changa-SemiBold.ttf"}]},{"family":"packages/google_fonts_arabic/El_Messiri","fonts":[{"asset":"packages/google_fonts_arabic/lib/fonts/El_Messiri/ElMessiri-Bold.ttf"},{"asset":"packages/google_fonts_arabic/lib/fonts/El_Messiri/ElMessiri-Medium.ttf"},{"asset":"packages/google_fonts_arabic/lib/fonts/El_Messiri/ElMessiri-Regular.ttf"},{"asset":"packages/google_fonts_arabic/lib/fonts/El_Messiri/ElMessiri-SemiBold.ttf"}]},{"family":"packages/google_fonts_arabic/Harmattan","fonts":[{"asset":"packages/google_fonts_arabic/lib/fonts/Harmattan/Harmattan-Regular.ttf"}]},{"family":"packages/google_fonts_arabic/Jomhuria","fonts":[{"asset":"packages/google_fonts_arabic/lib/fonts/Jomhuria/Jomhuria-Regular.ttf"}]},{"family":"packages/google_fonts_arabic/Katibeh","fonts":[{"asset":"packages/google_fonts_arabic/lib/fonts/Katibeh/Katibeh-Regular.ttf"}]},{"family":"packages/google_fonts_arabic/Lalezar","fonts":[{"asset":"packages/google_fonts_arabic/lib/fonts/Lalezar/Lalezar-Regular.ttf"}]},{"family":"packages/google_fonts_arabic/Lateef","fonts":[{"asset":"packages/google_fonts_arabic/lib/fonts/Lateef/LateefRegOT.ttf"}]},{"family":"packages/google_fonts_arabic/Lemonada","fonts":[{"asset":"packages/google_fonts_arabic/lib/fonts/Lemonada/Lemonada-Bold.ttf"},{"asset":"packages/google_fonts_arabic/lib/fonts/Lemonada/Lemonada-Light.ttf"},{"asset":"packages/google_fonts_arabic/lib/fonts/Lemonada/Lemonada-Regular.ttf"},{"asset":"packages/google_fonts_arabic/lib/fonts/Lemonada/Lemonada-SemiBold.ttf"}]},{"family":"packages/google_fonts_arabic/Mada","fonts":[{"asset":"packages/google_fonts_arabic/lib/fonts/Mada/Mada-Black.ttf"},{"asset":"packages/google_fonts_arabic/lib/fonts/Mada/Mada-Bold.ttf"},{"asset":"packages/google_fonts_arabic/lib/fonts/Mada/Mada-ExtraLight.ttf"},{"asset":"packages/google_fonts_arabic/lib/fonts/Mada/Mada-Light.ttf"},{"asset":"packages/google_fonts_arabic/lib/fonts/Mada/Mada-Medium.ttf"},{"asset":"packages/google_fonts_arabic/lib/fonts/Mada/Mada-Regular.ttf"},{"asset":"packages/google_fonts_arabic/lib/fonts/Mada/Mada-SemiBold.ttf"}]},{"family":"packages/google_fonts_arabic/Markazi_Text","fonts":[{"asset":"packages/google_fonts_arabic/lib/fonts/Markazi_Text/MarkaziText-Regular.ttf"}]},{"family":"packages/google_fonts_arabic/Mirza","fonts":[{"asset":"packages/google_fonts_arabic/lib/fonts/Mirza/Mirza-Bold.ttf"},{"asset":"packages/google_fonts_arabic/lib/fonts/Mirza/Mirza-Medium.ttf"},{"asset":"packages/google_fonts_arabic/lib/fonts/Mirza/Mirza-Regular.ttf"},{"asset":"packages/google_fonts_arabic/lib/fonts/Mirza/Mirza-SemiBold.ttf"}]},{"family":"packages/google_fonts_arabic/Rakkas","fonts":[{"asset":"packages/google_fonts_arabic/lib/fonts/Rakkas/Rakkas-Regular.ttf"}]},{"family":"packages/google_fonts_arabic/Reem_Kufi","fonts":[{"asset":"packages/google_fonts_arabic/lib/fonts/Reem_Kufi/ReemKufi-Regular.ttf"}]},{"family":"packages/google_fonts_arabic/Scheherazade","fonts":[{"asset":"packages/google_fonts_arabic/lib/fonts/Scheherazade/Scheherazade-Bold.ttf"},{"asset":"packages/google_fonts_arabic/lib/fonts/Scheherazade/Scheherazade-Regular.ttf"}]},{"family":"packages/google_fonts_arabic/Tajawal","fonts":[{"asset":"packages/google_fonts_arabic/lib/fonts/Tajawal/Tajawal-Black.ttf"},{"asset":"packages/google_fonts_arabic/lib/fonts/Tajawal/Tajawal-Bold.ttf"},{"asset":"packages/google_fonts_arabic/lib/fonts/Tajawal/Tajawal-ExtraBold.ttf"},{"asset":"packages/google_fonts_arabic/lib/fonts/Tajawal/Tajawal-ExtraLight.ttf"},{"asset":"packages/google_fonts_arabic/lib/fonts/Tajawal/Tajawal-Light.ttf"},{"asset":"packages/google_fonts_arabic/lib/fonts/Tajawal/Tajawal-Medium.ttf"}]}]